{"cameraMode":{"drawMode":0,"name":"Shaded","section":"Shading Mode"},"sceneLighting":false,"audioPlay":false,"sceneViewState":{"showFog":true,"showMaterialUpdate":false,"showSkybox":false,"showFlares":true,"showImageEffects":true,"showParticleSystems":true},"in2DMode":false,"pivot":{"x":-2.7119140625,"y":0.114471435546875,"z":-0.32275390625},"rotation":{"x":0.00023521973344031721,"y":-0.9974476099014282,"z":0.0713370069861412,"w":0.0032876087352633478},"size":2.9047365188598635,"orthographic":true}